district,mean_cr,std_cr,min_cr,max_cr,cv_pct,p_top5_pct,best_rank,worst_rank,balanced_cr,p_top5_band_pct,cv_band_pct
Panchmahal,894.3,112.1,537.7,1291.5,12.5,100.0,1,4,895.0,100.0,5.3
Kheda,783.2,292.1,205.9,2017.1,37.3,86.2,1,9,797.0,99.6,16.9
Ahmedabad,676.4,323.1,46.5,1795.6,47.8,69.6,1,19,672.0,88.6,19.5
Kachchh,645.3,138.8,103.4,954.4,21.5,82.8,1,10,635.0,98.4,10.1
Mehsana,586.6,159.2,204.7,960.0,27.1,68.2,3,9,609.0,77.6,12.9
Banaskantha,544.8,238.0,221.6,1198.1,43.7,48.4,1,9,520.0,33.2,21.3
Gir Somnath,393.4,76.2,176.7,573.8,19.4,9.8,4,9,384.0,0.4,9.5
Surat,350.0,178.6,12.6,769.4,51.0,14.6,4,28,382.0,1.6,24.2
Devbhoomi Dwarka,328.0,146.1,33.1,687.0,44.6,16.0,4,24,304.0,0.4,23.7
Porbandar,322.9,110.2,17.9,568.7,34.1,4.4,4,27,326.0,0.2,15.7
Dahod,156.3,0.0,156.3,156.3,0.0,0.0,8,11,156.0,0.0,0.0
Bhavnagar,76.6,0.0,76.6,76.6,0.0,0.0,10,12,77.0,0.0,0.0
Vadodara,71.1,0.0,71.1,71.1,0.0,0.0,11,13,71.0,0.0,0.0
Junagadh,70.8,0.0,70.8,70.8,0.0,0.0,12,14,71.0,0.0,0.0
Jamnagar,68.8,0.0,68.8,68.8,0.0,0.0,13,15,69.0,0.0,0.0
Sabarkantha,62.8,0.0,62.8,62.8,0.0,0.0,14,16,63.0,0.0,0.0
Chhota Udaipur,61.1,0.0,61.1,61.1,0.0,0.0,15,17,61.0,0.0,0.0
Surendranagar,58.2,0.0,58.2,58.2,0.0,0.0,16,18,58.0,0.0,0.0
Amreli,48.9,0.0,48.9,48.9,0.0,0.0,17,19,49.0,0.0,0.0
Patan,47.9,0.0,47.9,47.9,0.0,0.0,18,20,48.0,0.0,0.0
Botad,45.8,0.0,45.8,45.8,0.0,0.0,20,21,46.0,0.0,0.0
Rajkot,43.1,0.0,43.1,43.1,0.0,0.0,21,22,43.0,0.0,0.0
Tapi,35.8,0.0,35.8,35.8,0.0,0.0,22,23,36.0,0.0,0.0
Mahisagar,35.4,0.0,35.4,35.4,0.0,0.0,23,24,35.0,0.0,0.0
Morbi,25.9,0.0,25.9,25.9,0.0,0.0,24,25,26.0,0.0,0.0
Valsad,24.6,0.0,24.6,24.6,0.0,0.0,25,26,25.0,0.0,0.0
Narmada,19.5,0.0,19.5,19.5,0.0,0.0,26,27,20.0,0.0,0.0
Bharuch,15.2,0.0,15.2,15.2,0.0,0.0,27,28,15.0,0.0,0.0
Dang,5.3,0.0,5.3,5.3,0.0,0.0,29,29,5.0,0.0,0.0
Anand,1.2,0.0,1.2,1.2,0.0,0.0,30,30,1.0,0.0,0.0
Navsari,0.8,0.0,0.8,0.8,0.0,0.0,31,31,1.0,0.0,0.0
Gandhinagar,0.0,0.0,0.0,0.0,,0.0,32,32,0.0,0.0,
