district,new_capacity_cr,quality_upgrade_cr,dispersal_connectivity_cr,skilling_sustainability_cr
Panchmahal,447.7,134.3,179.1,134.3
Kheda,398.3,119.5,159.3,119.5
Ahmedabad,100.8,302.5,134.4,134.4
Kachchh,158.7,190.5,158.7,127.0
Mehsana,304.7,91.4,121.9,91.4
Banaskantha,259.9,78.0,104.0,78.0
Gir Somnath,38.4,115.2,134.4,96.0
Surat,57.4,172.1,76.5,76.5
Porbandar,81.5,97.8,81.5,65.2
Devbhoomi Dwarka,30.4,91.3,106.5,76.0
Dahod,39.1,46.9,39.1,31.3
Bhavnagar,19.2,23.0,19.2,15.3
Vadodara,17.8,21.3,17.8,14.2
Junagadh,17.7,21.2,17.7,14.2
Jamnagar,17.2,20.6,17.2,13.8
Sabarkantha,15.7,18.8,15.7,12.6
Chhota Udaipur,15.3,18.3,15.3,12.2
Surendranagar,14.6,17.5,14.6,11.6
Amreli,12.2,14.7,12.2,9.8
Patan,12.0,14.4,12.0,9.6
Botad,11.5,13.8,11.5,9.2
Rajkot,10.8,12.9,10.8,8.6
Tapi,8.9,10.7,8.9,7.2
Mahisagar,8.9,10.6,8.9,7.1
Morbi,6.5,7.8,6.5,5.2
Valsad,6.2,7.4,6.2,4.9
Narmada,4.9,5.9,4.9,3.9
Bharuch,3.8,4.6,3.8,3.0
Dang,1.3,1.6,1.3,1.1
Anand,0.3,0.4,0.3,0.2
Navsari,0.2,0.2,0.2,0.2
Gandhinagar,0.0,0.0,0.0,0.0
