district,tier,balanced_cr,pro_inclusion_cr,pro_growth_cr
Panchmahal,evidenced,895.0,907.0,855.0
Kheda,evidenced,797.0,667.0,844.0
Ahmedabad,evidenced,672.0,533.0,906.0
Kachchh,evidenced,635.0,694.0,636.0
Mehsana,evidenced,609.0,518.0,591.0
Banaskantha,evidenced,520.0,690.0,437.0
Gir Somnath,evidenced,384.0,427.0,388.0
Surat,evidenced,382.0,301.0,324.0
Porbandar,evidenced,326.0,392.0,229.0
Devbhoomi Dwarka,evidenced,304.0,396.0,314.0
Dahod,exploration,156.0,156.0,156.0
Bhavnagar,exploration,77.0,77.0,77.0
Vadodara,exploration,71.0,71.0,71.0
Junagadh,exploration,71.0,71.0,71.0
Jamnagar,exploration,69.0,69.0,69.0
Sabarkantha,exploration,63.0,63.0,63.0
Chhota Udaipur,exploration,61.0,61.0,61.0
Surendranagar,exploration,58.0,58.0,58.0
Amreli,exploration,49.0,49.0,49.0
Patan,exploration,48.0,48.0,48.0
Botad,exploration,46.0,46.0,46.0
Rajkot,exploration,43.0,43.0,43.0
Tapi,exploration,36.0,36.0,36.0
Mahisagar,exploration,35.0,35.0,35.0
Morbi,exploration,26.0,26.0,26.0
Valsad,exploration,25.0,25.0,25.0
Narmada,exploration,20.0,20.0,20.0
Bharuch,exploration,15.0,15.0,15.0
Dang,exploration,5.0,5.0,5.0
Anand,exploration,1.0,1.0,1.0
Navsari,exploration,1.0,1.0,1.0
Gandhinagar,exploration,0.0,0.0,0.0
