district,population_2011,density_per_km2,sex_ratio_f_per_1000m,literacy_rate_pct
Ahmedabad,7214225,890,904,85.31
Amreli,1514190,206,964,73.49
Anand,2092745,365,921,84.8
Banaskantha,3120506,290,938,65.32
Bharuch,1551019,238,925,81.51
Bhavnagar,2880365,287,933,75.52
Botad,656005,277,906,60.1
Chhota Udaipur,1071831,148,963,64.7
Dahod,2127086,583,986,58.82
Dang,228291,129,1006,76.8
Devbhoomi Dwarka,752484,134,905,74.3
Gandhinagar,1391753,660,920,85.0
Gir Somnath,1217477,329,948,76.6
Jamnagar,2160119,152,939,73.65
Junagadh,2743082,311,953,75.8
Kachchh,2092371,46,907,71.58
Kheda,2299885,582,940,82.65
Mahisagar,994624,398,937,72.3
Mehsana,2035064,462,925,82.8
Morbi,960329,195,922,75.4
Narmada,590297,214,960,73.2
Navsari,1329672,602,961,84.78
Panchmahal,2390776,457,949,70.99
Patan,1343734,234,935,72.3
Porbandar,585449,145,947,75.78
Rajkot,3804558,340,927,80.96
Sabarkantha,2428589,328,952,75.79
Surat,6081322,1337,787,85.53
Surendranagar,1756268,167,935,73.19
Tapi,807022,249,1007,69.2
Vadodara,4165626,552,934,78.92
Valsad,1703068,565,926,79.85
