category,rank,name,join_district,footfall_mar2026_lacs,footfall_annual_lacs
destination,1,Ahmedabad,,20.16,257.44
destination,2,Ambaji Temple,,13.96,177.98
destination,3,Dwarka Temple,,13.91,136.2
destination,4,Somnath Temple,,12.85,124.79
destination,5,Pavagadh,,10.97,98.06
destination,6,Dakor,,7.09,123.63
destination,7,Madhavpur Beach,,6.23,9.82
destination,8,Kankaria Lakefront,,6.02,78.31
destination,9,Becharaji Temple,,5.76,40.27
destination,10,Surat,,5.42,61.65
district,1,Ahmedabad,Ahmedabad,31.56,409.53
district,2,Devbhumi Dwarka,Devbhoomi Dwarka,24.9,259.2
district,3,Gir Somnath,Gir Somnath,14.93,146.2
district,4,Banaskantha,Banaskantha,14.63,189.57
district,5,Panchmahal,Panchmahal,11.77,105.92
district,6,Kheda,Kheda,11.54,172.66
district,7,Mahesana,Mehsana,9.17,79.25
district,8,Porbandar,Porbandar,7.14,23.68
district,9,Kachchh,Kachchh,6.82,83.05
district,10,Surat,Surat,6.45,72.14
